,ID_Date,AQI
0,AS_4_2022-12-04 00:00:00,57.31853918451311
1,AS_4_2022-12-05 00:00:00,54.069306293709644
2,AS_4_2022-12-06 00:00:00,51.57222113440377
3,AS_4_2022-12-07 00:00:00,53.238921601711475
4,AS_4_2022-12-08 00:00:00,52.854454806607194
5,AS_4_2022-12-09 00:00:00,53.21004431160588
6,AS_4_2022-12-10 00:00:00,53.70179724235852
7,AS_4_2022-12-11 00:00:00,53.75344720941692
8,AS_4_2022-12-12 00:00:00,53.22288786370415
9,AS_4_2022-12-13 00:00:00,53.272135355700826
10,AS_4_2022-12-14 00:00:00,53.23656143746764
11,AS_4_2022-12-15 00:00:00,53.02942570618591
12,AS_4_2022-12-16 00:00:00,52.86670866963696
13,AS_4_2022-12-17 00:00:00,52.796985287720084
14,AS_4_2022-12-18 00:00:00,52.63967736016389
15,AS_4_2022-12-19 00:00:00,52.524496123800446
16,AS_4_2022-12-20 00:00:00,52.463766722979
17,AS_4_2022-12-21 00:00:00,52.38321330452941
18,AS_4_2022-12-22 00:00:00,52.27676038002192
19,AS_4_2022-12-23 00:00:00,52.18669586812189
20,AS_4_2022-12-24 00:00:00,52.0909913181282
21,AS_4_2022-12-25 00:00:00,51.98498973136272
22,AS_4_2022-12-26 00:00:00,51.88434410770732
23,AS_4_2022-12-27 00:00:00,51.7879458775337
24,AS_4_2022-12-28 00:00:00,51.68701991154433
25,AS_4_2022-12-29 00:00:00,51.58725084881042
26,AS_4_2022-12-30 00:00:00,51.490681908005534
27,AS_4_2022-12-31 00:00:00,51.39370402523619
28,DL_4_2022-12-04 00:00:00,112.53921679330095
29,DL_4_2022-12-05 00:00:00,123.85747735454353
30,DL_4_2022-12-06 00:00:00,131.0147521194312
31,DL_4_2022-12-07 00:00:00,136.37968135017852
32,DL_4_2022-12-08 00:00:00,137.69435468752454
33,DL_4_2022-12-09 00:00:00,133.04212195942813
34,DL_4_2022-12-10 00:00:00,131.1123162162856
35,DL_4_2022-12-11 00:00:00,128.29857577740736
36,DL_4_2022-12-12 00:00:00,126.47011960837716
37,DL_4_2022-12-13 00:00:00,125.01468411466152
38,DL_4_2022-12-14 00:00:00,124.32812859510022
39,DL_4_2022-12-15 00:00:00,123.8708959085691
40,DL_4_2022-12-16 00:00:00,124.05650961114893
41,DL_4_2022-12-17 00:00:00,124.05101434249914
42,DL_4_2022-12-18 00:00:00,124.16682263918423
43,DL_4_2022-12-19 00:00:00,124.09109171381024
44,DL_4_2022-12-20 00:00:00,123.9865672621068
45,DL_4_2022-12-21 00:00:00,123.73642006796537
46,DL_4_2022-12-22 00:00:00,123.47264895778181
47,DL_4_2022-12-23 00:00:00,123.12549029371117
48,DL_4_2022-12-24 00:00:00,122.80365799242801
49,DL_4_2022-12-25 00:00:00,122.46363712709747
50,DL_4_2022-12-26 00:00:00,122.15663436254586
51,DL_4_2022-12-27 00:00:00,121.85192987265928
52,DL_4_2022-12-28 00:00:00,121.57160846156467
53,DL_4_2022-12-29 00:00:00,121.29201602555128
54,DL_4_2022-12-30 00:00:00,121.02470588974451
55,DL_4_2022-12-31 00:00:00,120.7535693996351
56,DL_6_2022-12-04 00:00:00,109.59542389186369
57,DL_6_2022-12-05 00:00:00,111.3970399105421
58,DL_6_2022-12-06 00:00:00,114.23544665238721
59,DL_6_2022-12-07 00:00:00,116.1028614207421
60,DL_6_2022-12-08 00:00:00,115.51481666245752
61,DL_6_2022-12-09 00:00:00,115.35425534824783
62,DL_6_2022-12-10 00:00:00,114.42349802832217
63,DL_6_2022-12-11 00:00:00,113.89841480099173
64,DL_6_2022-12-12 00:00:00,113.3657387083017
65,DL_6_2022-12-13 00:00:00,113.00343656190293
66,DL_6_2022-12-14 00:00:00,112.65742949321417
67,DL_6_2022-12-15 00:00:00,112.45611199779603
68,DL_6_2022-12-16 00:00:00,112.24142916752584
69,DL_6_2022-12-17 00:00:00,112.09252656050108
70,DL_6_2022-12-18 00:00:00,111.9200095299474
71,DL_6_2022-12-19 00:00:00,111.76617054355333
72,DL_6_2022-12-20 00:00:00,111.59503270894008
73,DL_6_2022-12-21 00:00:00,111.4292669632498
74,DL_6_2022-12-22 00:00:00,111.25198603060299
75,DL_6_2022-12-23 00:00:00,111.07736875991321
76,DL_6_2022-12-24 00:00:00,110.89692315002247
77,DL_6_2022-12-25 00:00:00,110.71871636830979
78,DL_6_2022-12-26 00:00:00,110.53825684590232
79,DL_6_2022-12-27 00:00:00,110.3595477333631
80,DL_6_2022-12-28 00:00:00,110.18011403051172
81,DL_6_2022-12-29 00:00:00,110.00190744429456
82,DL_6_2022-12-30 00:00:00,109.82351139014418
83,DL_6_2022-12-31 00:00:00,109.6458909984606
84,DL_8_2022-12-04 00:00:00,163.0051425223586
85,DL_8_2022-12-05 00:00:00,173.67567018695328
86,DL_8_2022-12-06 00:00:00,177.87257591995598
87,DL_8_2022-12-07 00:00:00,179.5695191119545
88,DL_8_2022-12-08 00:00:00,180.73245420171904
89,DL_8_2022-12-09 00:00:00,177.6925193548488
90,DL_8_2022-12-10 00:00:00,177.3727554184345
91,DL_8_2022-12-11 00:00:00,176.03862108790864
92,DL_8_2022-12-12 00:00:00,175.72795511698024
93,DL_8_2022-12-13 00:00:00,175.36399788306144
94,DL_8_2022-12-14 00:00:00,175.64870915150368
95,DL_8_2022-12-15 00:00:00,175.62081704618325
96,DL_8_2022-12-16 00:00:00,175.9935232599384
97,DL_8_2022-12-17 00:00:00,176.06021173052687
98,DL_8_2022-12-18 00:00:00,176.2710003188879
99,DL_8_2022-12-19 00:00:00,176.30433246906412
100,DL_8_2022-12-20 00:00:00,176.4159889147439
101,DL_8_2022-12-21 00:00:00,176.42545104678985
102,DL_8_2022-12-22 00:00:00,176.5027547880002
103,DL_8_2022-12-23 00:00:00,176.5260682818007
104,DL_8_2022-12-24 00:00:00,176.59688797718482
105,DL_8_2022-12-25 00:00:00,176.63991345809805
106,DL_8_2022-12-26 00:00:00,176.71126850778498
107,DL_8_2022-12-27 00:00:00,176.7649055126585
108,DL_8_2022-12-28 00:00:00,176.83455943208256
109,DL_8_2022-12-29 00:00:00,176.89200838838366
110,DL_8_2022-12-30 00:00:00,176.958360836004
111,DL_8_2022-12-31 00:00:00,177.01697416367378
112,DL_12_2022-12-04 00:00:00,205.52908168703078
113,DL_12_2022-12-05 00:00:00,203.9101158257422
114,DL_12_2022-12-06 00:00:00,199.81357006168378
115,DL_12_2022-12-07 00:00:00,192.30734951819852
116,DL_12_2022-12-08 00:00:00,190.9150895449411
117,DL_12_2022-12-09 00:00:00,189.98026809462917
118,DL_12_2022-12-10 00:00:00,190.23465893681953
119,DL_12_2022-12-11 00:00:00,190.39541282643344
120,DL_12_2022-12-12 00:00:00,191.14566043580916
121,DL_12_2022-12-13 00:00:00,191.44359905706222
122,DL_12_2022-12-14 00:00:00,191.47372080587277
123,DL_12_2022-12-15 00:00:00,191.4275621110828
124,DL_12_2022-12-16 00:00:00,191.27604871852893
125,DL_12_2022-12-17 00:00:00,191.13562945181474
126,DL_12_2022-12-18 00:00:00,190.97037354601406
127,DL_12_2022-12-19 00:00:00,190.87991205443947
128,DL_12_2022-12-20 00:00:00,190.7844198874353
129,DL_12_2022-12-21 00:00:00,190.7166529136497
130,DL_12_2022-12-22 00:00:00,190.64409389772993
131,DL_12_2022-12-23 00:00:00,190.57688695492246
132,DL_12_2022-12-24 00:00:00,190.50273992829582
133,DL_12_2022-12-25 00:00:00,190.42594218453024
134,DL_12_2022-12-26 00:00:00,190.3476344915273
135,DL_12_2022-12-27 00:00:00,190.26762868611752
136,DL_12_2022-12-28 00:00:00,190.18834987177613
137,DL_12_2022-12-29 00:00:00,190.10872772001218
138,DL_12_2022-12-30 00:00:00,190.03023398652755
139,DL_12_2022-12-31 00:00:00,189.95161023874732
140,DL_13_2022-12-04 00:00:00,152.60984501193525
141,DL_13_2022-12-05 00:00:00,155.70341720802554
142,DL_13_2022-12-06 00:00:00,158.71744163296586
143,DL_13_2022-12-07 00:00:00,161.84621444019928
144,DL_13_2022-12-08 00:00:00,158.60847220396155
145,DL_13_2022-12-09 00:00:00,159.07927939020004
146,DL_13_2022-12-10 00:00:00,157.81376231881515
147,DL_13_2022-12-11 00:00:00,158.19259192551152
148,DL_13_2022-12-12 00:00:00,157.43330287432738
149,DL_13_2022-12-13 00:00:00,157.35055564001468
150,DL_13_2022-12-14 00:00:00,156.81099448303036
151,DL_13_2022-12-15 00:00:00,156.82937475399135
152,DL_13_2022-12-16 00:00:00,156.5150217050102
153,DL_13_2022-12-17 00:00:00,156.4590858532444
154,DL_13_2022-12-18 00:00:00,156.1886481063329
155,DL_13_2022-12-19 00:00:00,156.07007354652757
156,DL_13_2022-12-20 00:00:00,155.83887996267467
157,DL_13_2022-12-21 00:00:00,155.6889260444225
158,DL_13_2022-12-22 00:00:00,155.4697343103252
159,DL_13_2022-12-23 00:00:00,155.29742123997445
160,DL_13_2022-12-24 00:00:00,155.08797802877393
161,DL_13_2022-12-25 00:00:00,154.90721876677617
162,DL_13_2022-12-26 00:00:00,154.70565598586163
163,DL_13_2022-12-27 00:00:00,154.520399291742
164,DL_13_2022-12-28 00:00:00,154.32347899779407
165,DL_13_2022-12-29 00:00:00,154.13610294349184
166,DL_13_2022-12-30 00:00:00,153.94217976293868
167,DL_13_2022-12-31 00:00:00,153.75369331605916
168,DL_18_2022-12-04 00:00:00,105.5625285609492
169,DL_18_2022-12-05 00:00:00,116.4376655148631
170,DL_18_2022-12-06 00:00:00,126.14031448029755
171,DL_18_2022-12-07 00:00:00,128.12334368334456
172,DL_18_2022-12-08 00:00:00,130.45875800717945
173,DL_18_2022-12-09 00:00:00,127.93900961627816
174,DL_18_2022-12-10 00:00:00,128.44093186171213
175,DL_18_2022-12-11 00:00:00,126.98518954458669
176,DL_18_2022-12-12 00:00:00,126.52867086011831
177,DL_18_2022-12-13 00:00:00,125.40546150630078
178,DL_18_2022-12-14 00:00:00,125.14399893662392
179,DL_18_2022-12-15 00:00:00,124.59580681969314
180,DL_18_2022-12-16 00:00:00,124.52162570074971
181,DL_18_2022-12-17 00:00:00,124.2193457013679
182,DL_18_2022-12-18 00:00:00,124.13592330986064
183,DL_18_2022-12-19 00:00:00,123.91304431243239
184,DL_18_2022-12-20 00:00:00,123.78786011007847
185,DL_18_2022-12-21 00:00:00,123.57069312563436
186,DL_18_2022-12-22 00:00:00,123.39978627534005
187,DL_18_2022-12-23 00:00:00,123.17721511413355
188,DL_18_2022-12-24 00:00:00,122.9820602899956
189,DL_18_2022-12-25 00:00:00,122.7611733774626
190,DL_18_2022-12-26 00:00:00,122.55735442958706
191,DL_18_2022-12-27 00:00:00,122.34129352800387
192,DL_18_2022-12-28 00:00:00,122.13584074675099
193,DL_18_2022-12-29 00:00:00,121.92444980035081
194,DL_18_2022-12-30 00:00:00,121.71919371638063
195,DL_18_2022-12-31 00:00:00,121.51078541107104
196,DL_19_2022-12-04 00:00:00,193.108510357943
197,DL_19_2022-12-05 00:00:00,180.52923989440865
198,DL_19_2022-12-06 00:00:00,173.58229932353044
199,DL_19_2022-12-07 00:00:00,166.83168713735046
200,DL_19_2022-12-08 00:00:00,164.04716423941554
201,DL_19_2022-12-09 00:00:00,161.89209234856887
202,DL_19_2022-12-10 00:00:00,162.16998518303322
203,DL_19_2022-12-11 00:00:00,162.2979040815807
204,DL_19_2022-12-12 00:00:00,162.84646643625987
205,DL_19_2022-12-13 00:00:00,163.0211371754769
206,DL_19_2022-12-14 00:00:00,163.16105630627484
207,DL_19_2022-12-15 00:00:00,163.05623159196134
208,DL_19_2022-12-16 00:00:00,162.91979279874914
209,DL_19_2022-12-17 00:00:00,162.7167289918316
210,DL_19_2022-12-18 00:00:00,162.53108046223153
211,DL_19_2022-12-19 00:00:00,162.3450217023024
212,DL_19_2022-12-20 00:00:00,162.18019096610288
213,DL_19_2022-12-21 00:00:00,162.02179552929474
214,DL_19_2022-12-22 00:00:00,161.87202906299424
215,DL_19_2022-12-23 00:00:00,161.72311092707108
216,DL_19_2022-12-24 00:00:00,161.5752504406995
217,DL_19_2022-12-25 00:00:00,161.42605401970724
218,DL_19_2022-12-26 00:00:00,161.27627672056184
219,DL_19_2022-12-27 00:00:00,161.12566479473205
220,DL_19_2022-12-28 00:00:00,160.9748629174877
221,DL_19_2022-12-29 00:00:00,160.82395197837596
222,DL_19_2022-12-30 00:00:00,160.67319616260326
223,DL_19_2022-12-31 00:00:00,160.52259183960484
224,DL_21_2022-12-04 00:00:00,194.0489683545373
225,DL_21_2022-12-05 00:00:00,191.4031124374205
226,DL_21_2022-12-06 00:00:00,188.7382169719704
227,DL_21_2022-12-07 00:00:00,189.16924743122354
228,DL_21_2022-12-08 00:00:00,189.10680262797027
229,DL_21_2022-12-09 00:00:00,189.4784783048528
230,DL_21_2022-12-10 00:00:00,189.51807582947123
231,DL_21_2022-12-11 00:00:00,189.57746471706847
232,DL_21_2022-12-12 00:00:00,189.46800444352826
233,DL_21_2022-12-13 00:00:00,189.37924281752856
234,DL_21_2022-12-14 00:00:00,189.23211007819594
235,DL_21_2022-12-15 00:00:00,189.10863572786963
236,DL_21_2022-12-16 00:00:00,188.97004787049178
237,DL_21_2022-12-17 00:00:00,188.84522370545983
238,DL_21_2022-12-18 00:00:00,188.7160323691989
239,DL_21_2022-12-19 00:00:00,188.5925562657434
240,DL_21_2022-12-20 00:00:00,188.46704720644652
241,DL_21_2022-12-21 00:00:00,188.34352298368543
242,DL_21_2022-12-22 00:00:00,188.21894264559333
243,DL_21_2022-12-23 00:00:00,188.09505832952146
244,DL_21_2022-12-24 00:00:00,187.97072054552075
245,DL_21_2022-12-25 00:00:00,187.84668609234063
246,DL_21_2022-12-26 00:00:00,187.7225092096722
247,DL_21_2022-12-27 00:00:00,187.59850071104867
248,DL_21_2022-12-28 00:00:00,187.47447868053158
249,DL_21_2022-12-29 00:00:00,187.3505659028945
250,DL_21_2022-12-30 00:00:00,187.22668624322324
251,DL_21_2022-12-31 00:00:00,187.10288789354777
252,DL_23_2022-12-04 00:00:00,158.87619499688714
253,DL_23_2022-12-05 00:00:00,168.18606920382877
254,DL_23_2022-12-06 00:00:00,171.20958254285466
255,DL_23_2022-12-07 00:00:00,174.86013102372848
256,DL_23_2022-12-08 00:00:00,172.94966013172973
257,DL_23_2022-12-09 00:00:00,172.62091673608154
258,DL_23_2022-12-10 00:00:00,170.60597504571
259,DL_23_2022-12-11 00:00:00,169.96819779432838
260,DL_23_2022-12-12 00:00:00,168.89105561403827
261,DL_23_2022-12-13 00:00:00,168.83196080684132
262,DL_23_2022-12-14 00:00:00,168.49751772927246
263,DL_23_2022-12-15 00:00:00,168.73466495353526
264,DL_23_2022-12-16 00:00:00,168.72911081936172
265,DL_23_2022-12-17 00:00:00,168.978778617988
266,DL_23_2022-12-18 00:00:00,169.03068780708577
267,DL_23_2022-12-19 00:00:00,169.1967384903639
268,DL_23_2022-12-20 00:00:00,169.22862452151966
269,DL_23_2022-12-21 00:00:00,169.32406382491877
270,DL_23_2022-12-22 00:00:00,169.3427927624463
271,DL_23_2022-12-23 00:00:00,169.40454072764007
272,DL_23_2022-12-24 00:00:00,169.42670912552555
273,DL_23_2022-12-25 00:00:00,169.4786460306865
274,DL_23_2022-12-26 00:00:00,169.51008585780275
275,DL_23_2022-12-27 00:00:00,169.5605538584912
276,DL_23_2022-12-28 00:00:00,169.59938751395242
277,DL_23_2022-12-29 00:00:00,169.64933855237467
278,DL_23_2022-12-30 00:00:00,169.6920590311648
279,DL_23_2022-12-31 00:00:00,169.7409358281642
280,DL_25_2022-12-04 00:00:00,94.47034735176786
281,DL_25_2022-12-05 00:00:00,108.27618815012902
282,DL_25_2022-12-06 00:00:00,114.38372009900843
283,DL_25_2022-12-07 00:00:00,114.40777468312663
284,DL_25_2022-12-08 00:00:00,119.1670097760243
285,DL_25_2022-12-09 00:00:00,118.17349310567012
286,DL_25_2022-12-10 00:00:00,118.74738315190322
287,DL_25_2022-12-11 00:00:00,118.45336515417101
288,DL_25_2022-12-12 00:00:00,119.21097437627526
289,DL_25_2022-12-13 00:00:00,119.13081574579768
290,DL_25_2022-12-14 00:00:00,119.27779859432678
291,DL_25_2022-12-15 00:00:00,119.28806963293106
292,DL_25_2022-12-16 00:00:00,119.22275551661366
293,DL_25_2022-12-17 00:00:00,119.12275000096614
294,DL_25_2022-12-18 00:00:00,118.9770216103012
295,DL_25_2022-12-19 00:00:00,118.86602117381516
296,DL_25_2022-12-20 00:00:00,118.7086151747434
297,DL_25_2022-12-21 00:00:00,118.57534851078925
298,DL_25_2022-12-22 00:00:00,118.42032197134793
299,DL_25_2022-12-23 00:00:00,118.27506955713983
300,DL_25_2022-12-24 00:00:00,118.11875493472502
301,DL_25_2022-12-25 00:00:00,117.96605224571509
302,DL_25_2022-12-26 00:00:00,117.81008897844718
303,DL_25_2022-12-27 00:00:00,117.65457567529941
304,DL_25_2022-12-28 00:00:00,117.49856283759509
305,DL_25_2022-12-29 00:00:00,117.34231374017547
306,DL_25_2022-12-30 00:00:00,117.18631174775994
307,DL_25_2022-12-31 00:00:00,117.02995883963928
308,DL_26_2022-12-04 00:00:00,143.31982221677723
309,DL_26_2022-12-05 00:00:00,154.0606207087955
310,DL_26_2022-12-06 00:00:00,157.7164124510889
311,DL_26_2022-12-07 00:00:00,158.8779068138849
312,DL_26_2022-12-08 00:00:00,159.0736693481875
313,DL_26_2022-12-09 00:00:00,158.40137169346974
314,DL_26_2022-12-10 00:00:00,158.03104675408244
315,DL_26_2022-12-11 00:00:00,157.67138146582792
316,DL_26_2022-12-12 00:00:00,157.457171729131
317,DL_26_2022-12-13 00:00:00,157.25625690110587
318,DL_26_2022-12-14 00:00:00,157.10554045878388
319,DL_26_2022-12-15 00:00:00,156.93698561922938
320,DL_26_2022-12-16 00:00:00,156.78344520476463
321,DL_26_2022-12-17 00:00:00,156.61809781901283
322,DL_26_2022-12-18 00:00:00,156.45816719036517
323,DL_26_2022-12-19 00:00:00,156.2931646195795
324,DL_26_2022-12-20 00:00:00,156.13101967913585
325,DL_26_2022-12-21 00:00:00,155.9668417942359
326,DL_26_2022-12-22 00:00:00,155.80419461751382
327,DL_26_2022-12-23 00:00:00,155.64073780901293
328,DL_26_2022-12-24 00:00:00,155.47805778658667
329,DL_26_2022-12-25 00:00:00,155.3150710983044
330,DL_26_2022-12-26 00:00:00,155.15249731151926
331,DL_26_2022-12-27 00:00:00,154.9898420337987
332,DL_26_2022-12-28 00:00:00,154.82743621848132
333,DL_26_2022-12-29 00:00:00,154.66505481932603
334,DL_26_2022-12-30 00:00:00,154.50284985672465
335,DL_26_2022-12-31 00:00:00,154.34071866969046
336,DL_27_2022-12-04 00:00:00,200.378683021261
337,DL_27_2022-12-05 00:00:00,192.92479939948626
338,DL_27_2022-12-06 00:00:00,185.6978909508631
339,DL_27_2022-12-07 00:00:00,182.91828271583285
340,DL_27_2022-12-08 00:00:00,183.52065804811104
341,DL_27_2022-12-09 00:00:00,184.4901741626185
342,DL_27_2022-12-10 00:00:00,185.0137726602408
343,DL_27_2022-12-11 00:00:00,185.0147959287934
344,DL_27_2022-12-12 00:00:00,184.75806682303033
345,DL_27_2022-12-13 00:00:00,184.35827968661312
346,DL_27_2022-12-14 00:00:00,184.0786219443196
347,DL_27_2022-12-15 00:00:00,183.8880245330031
348,DL_27_2022-12-16 00:00:00,183.7691633452909
349,DL_27_2022-12-17 00:00:00,183.65674384694114
350,DL_27_2022-12-18 00:00:00,183.54381552019086
351,DL_27_2022-12-19 00:00:00,183.41368638320952
352,DL_27_2022-12-20 00:00:00,183.2778994181693
353,DL_27_2022-12-21 00:00:00,183.13918354911016
354,DL_27_2022-12-22 00:00:00,183.00353087491789
355,DL_27_2022-12-23 00:00:00,182.86969629030338
356,DL_27_2022-12-24 00:00:00,182.73783983694833
357,DL_27_2022-12-25 00:00:00,182.60624730213118
358,DL_27_2022-12-26 00:00:00,182.4746945225459
359,DL_27_2022-12-27 00:00:00,182.34281115336498
360,DL_27_2022-12-28 00:00:00,182.21087512925672
361,DL_27_2022-12-29 00:00:00,182.07893930717026
362,DL_27_2022-12-30 00:00:00,181.9471445335314
363,DL_27_2022-12-31 00:00:00,181.81546966523305
364,DL_29_2022-12-04 00:00:00,109.55150626516124
365,DL_29_2022-12-05 00:00:00,117.35750434712021
366,DL_29_2022-12-06 00:00:00,117.73798995814194
367,DL_29_2022-12-07 00:00:00,113.76255955510105
368,DL_29_2022-12-08 00:00:00,115.47780559129383
369,DL_29_2022-12-09 00:00:00,115.58483624411677
370,DL_29_2022-12-10 00:00:00,116.0743509392629
371,DL_29_2022-12-11 00:00:00,115.94304386388134
372,DL_29_2022-12-12 00:00:00,116.47862006201994
373,DL_29_2022-12-13 00:00:00,116.09052558232196
374,DL_29_2022-12-14 00:00:00,116.1740869454878
375,DL_29_2022-12-15 00:00:00,115.88753053312337
376,DL_29_2022-12-16 00:00:00,115.91133585080654
377,DL_29_2022-12-17 00:00:00,115.67484963402666
378,DL_29_2022-12-18 00:00:00,115.66182163533249
379,DL_29_2022-12-19 00:00:00,115.47060346501299
380,DL_29_2022-12-20 00:00:00,115.41201734617648
381,DL_29_2022-12-21 00:00:00,115.23820533354788
382,DL_29_2022-12-22 00:00:00,115.15427115717198
383,DL_29_2022-12-23 00:00:00,114.99559422629827
384,DL_29_2022-12-24 00:00:00,114.89699792654811
385,DL_29_2022-12-25 00:00:00,114.75039497182897
386,DL_29_2022-12-26 00:00:00,114.64296023813807
387,DL_29_2022-12-27 00:00:00,114.50388378947626
388,DL_29_2022-12-28 00:00:00,114.39041106179454
389,DL_29_2022-12-29 00:00:00,114.25624518042322
390,DL_29_2022-12-30 00:00:00,114.13888562471155
391,DL_29_2022-12-31 00:00:00,114.00808281986099
392,DL_30_2022-12-04 00:00:00,88.87386108186747
393,DL_30_2022-12-05 00:00:00,97.7440659578294
394,DL_30_2022-12-06 00:00:00,101.1341391482389
395,DL_30_2022-12-07 00:00:00,100.63088638223563
396,DL_30_2022-12-08 00:00:00,99.80269028142853
397,DL_30_2022-12-09 00:00:00,100.28177483673282
398,DL_30_2022-12-10 00:00:00,99.4848879845648
399,DL_30_2022-12-11 00:00:00,99.52770730465191
400,DL_30_2022-12-12 00:00:00,99.29965170516807
401,DL_30_2022-12-13 00:00:00,99.3770869068128
402,DL_30_2022-12-14 00:00:00,99.18618951661917
403,DL_30_2022-12-15 00:00:00,99.10470449278355
404,DL_30_2022-12-16 00:00:00,98.94899441514637
405,DL_30_2022-12-17 00:00:00,98.80194632143079
406,DL_30_2022-12-18 00:00:00,98.64366389781311
407,DL_30_2022-12-19 00:00:00,98.4854090920606
408,DL_30_2022-12-20 00:00:00,98.33447864294773
409,DL_30_2022-12-21 00:00:00,98.17696915109777
410,DL_30_2022-12-22 00:00:00,98.02649645862431
411,DL_30_2022-12-23 00:00:00,97.87151380929454
412,DL_30_2022-12-24 00:00:00,97.71997306865718
413,DL_30_2022-12-25 00:00:00,97.56608681997541
414,DL_30_2022-12-26 00:00:00,97.41378409654311
415,DL_30_2022-12-27 00:00:00,97.26075936753003
416,DL_30_2022-12-28 00:00:00,97.10834698772067
417,DL_30_2022-12-29 00:00:00,96.95593049382977
418,DL_30_2022-12-30 00:00:00,96.80377166423538
419,DL_30_2022-12-31 00:00:00,96.651818312754
420,DL_32_2022-12-04 00:00:00,154.39341307014166
421,DL_32_2022-12-05 00:00:00,152.8199816790233
422,DL_32_2022-12-06 00:00:00,148.77780937944337
423,DL_32_2022-12-07 00:00:00,145.24745443295575
424,DL_32_2022-12-08 00:00:00,143.2359800813832
425,DL_32_2022-12-09 00:00:00,140.33837667779116
426,DL_32_2022-12-10 00:00:00,140.59452796079088
427,DL_32_2022-12-11 00:00:00,140.57466055208428
428,DL_32_2022-12-12 00:00:00,141.36293409331242
429,DL_32_2022-12-13 00:00:00,141.71581982237075
430,DL_32_2022-12-14 00:00:00,142.18376077568655
431,DL_32_2022-12-15 00:00:00,142.33146163494536
432,DL_32_2022-12-16 00:00:00,142.38820273162057
433,DL_32_2022-12-17 00:00:00,142.36108994897768
434,DL_32_2022-12-18 00:00:00,142.32580053094154
435,DL_32_2022-12-19 00:00:00,142.3083457067975
436,DL_32_2022-12-20 00:00:00,142.31105161639715
437,DL_32_2022-12-21 00:00:00,142.34276132288505
438,DL_32_2022-12-22 00:00:00,142.38454777129886
439,DL_32_2022-12-23 00:00:00,142.43441511103117
440,DL_32_2022-12-24 00:00:00,142.4819743953123
441,DL_32_2022-12-25 00:00:00,142.52747800765917
442,DL_32_2022-12-26 00:00:00,142.56877753791048
443,DL_32_2022-12-27 00:00:00,142.6077676570686
444,DL_32_2022-12-28 00:00:00,142.64530275253898
445,DL_32_2022-12-29 00:00:00,142.68260735068122
446,DL_32_2022-12-30 00:00:00,142.7202205299168
447,DL_32_2022-12-31 00:00:00,142.75833347318246
448,DL_35_2022-12-04 00:00:00,126.74752796780072
449,DL_35_2022-12-05 00:00:00,137.8557579292528
450,DL_35_2022-12-06 00:00:00,144.50754386170092
451,DL_35_2022-12-07 00:00:00,146.50033637747728
452,DL_35_2022-12-08 00:00:00,151.21762851680717
453,DL_35_2022-12-09 00:00:00,146.70913346519453
454,DL_35_2022-12-10 00:00:00,147.51340240605057
455,DL_35_2022-12-11 00:00:00,145.39239603992903
456,DL_35_2022-12-12 00:00:00,145.47895385621604
457,DL_35_2022-12-13 00:00:00,143.938206452958
458,DL_35_2022-12-14 00:00:00,144.29795971355412
459,DL_35_2022-12-15 00:00:00,143.24483353085944
460,DL_35_2022-12-16 00:00:00,143.67363346849024
461,DL_35_2022-12-17 00:00:00,143.06790693149145
462,DL_35_2022-12-18 00:00:00,143.33649802564136
463,DL_35_2022-12-19 00:00:00,142.88831935433262
464,DL_35_2022-12-20 00:00:00,143.02870548140123
465,DL_35_2022-12-21 00:00:00,142.64650126685277
466,DL_35_2022-12-22 00:00:00,142.68303987901484
467,DL_35_2022-12-23 00:00:00,142.35266882576616
468,DL_35_2022-12-24 00:00:00,142.31493901449167
469,DL_35_2022-12-25 00:00:00,142.02844900619058
470,DL_35_2022-12-26 00:00:00,141.9479195126632
471,DL_35_2022-12-27 00:00:00,141.69572891355963
472,DL_35_2022-12-28 00:00:00,141.58865415929043
473,DL_35_2022-12-29 00:00:00,141.36207002261546
474,DL_35_2022-12-30 00:00:00,141.23670045423185
475,DL_35_2022-12-31 00:00:00,141.02807214234187
476,DL_38_2022-12-04 00:00:00,143.21366223533124
477,DL_38_2022-12-05 00:00:00,145.85331051618004
478,DL_38_2022-12-06 00:00:00,144.34176819582996
479,DL_38_2022-12-07 00:00:00,142.9559714086273
480,DL_38_2022-12-08 00:00:00,142.4165612714086
481,DL_38_2022-12-09 00:00:00,142.2675540715522
482,DL_38_2022-12-10 00:00:00,142.4696361329645
483,DL_38_2022-12-11 00:00:00,142.67962332737662
484,DL_38_2022-12-12 00:00:00,142.72396441749152
485,DL_38_2022-12-13 00:00:00,142.6382389571665
486,DL_38_2022-12-14 00:00:00,142.5013304920699
487,DL_38_2022-12-15 00:00:00,142.33757012566804
488,DL_38_2022-12-16 00:00:00,142.18035178830908
489,DL_38_2022-12-17 00:00:00,142.0324744873826
490,DL_38_2022-12-18 00:00:00,141.8897228513613
491,DL_38_2022-12-19 00:00:00,141.74566542007727
492,DL_38_2022-12-20 00:00:00,141.60025872104214
493,DL_38_2022-12-21 00:00:00,141.45215552435815
494,DL_38_2022-12-22 00:00:00,141.30288599401794
495,DL_38_2022-12-23 00:00:00,141.15302785859194
496,DL_38_2022-12-24 00:00:00,141.0033599839874
497,DL_38_2022-12-25 00:00:00,140.85378000551074
498,DL_38_2022-12-26 00:00:00,140.70444407518235
499,DL_38_2022-12-27 00:00:00,140.55517752101105
500,DL_38_2022-12-28 00:00:00,140.40601501844398
501,DL_38_2022-12-29 00:00:00,140.25690609521854
502,DL_38_2022-12-30 00:00:00,140.10790372828495
503,DL_38_2022-12-31 00:00:00,139.9589975560415
504,DL_39_2022-12-04 00:00:00,112.8677693603564
505,DL_39_2022-12-05 00:00:00,118.74104260923782
506,DL_39_2022-12-06 00:00:00,121.62715628310859
507,DL_39_2022-12-07 00:00:00,120.91919520569063
508,DL_39_2022-12-08 00:00:00,119.94846301887796
509,DL_39_2022-12-09 00:00:00,118.3669777638557
510,DL_39_2022-12-10 00:00:00,117.21863778010122
511,DL_39_2022-12-11 00:00:00,116.34758321129303
512,DL_39_2022-12-12 00:00:00,115.98627807006224
513,DL_39_2022-12-13 00:00:00,115.8774253185929
514,DL_39_2022-12-14 00:00:00,115.96442500962193
515,DL_39_2022-12-15 00:00:00,116.08918275060438
516,DL_39_2022-12-16 00:00:00,116.21315161491344
517,DL_39_2022-12-17 00:00:00,116.28592660972652
518,DL_39_2022-12-18 00:00:00,116.31372182510158
519,DL_39_2022-12-19 00:00:00,116.3001418008505
520,DL_39_2022-12-20 00:00:00,116.26447856510268
521,DL_39_2022-12-21 00:00:00,116.21794146268253
522,DL_39_2022-12-22 00:00:00,116.17145443269571
523,DL_39_2022-12-23 00:00:00,116.1289764687151
524,DL_39_2022-12-24 00:00:00,116.09238899063858
525,DL_39_2022-12-25 00:00:00,116.06056455719609
526,DL_39_2022-12-26 00:00:00,116.03205321905578
527,DL_39_2022-12-27 00:00:00,116.00507179812969
528,DL_39_2022-12-28 00:00:00,115.9784578031425
529,DL_39_2022-12-29 00:00:00,115.95145872642281
530,DL_39_2022-12-30 00:00:00,115.92384272353416
531,DL_39_2022-12-31 00:00:00,115.89562537182243
532,DL_40_2022-12-04 00:00:00,133.09272013156328
533,DL_40_2022-12-05 00:00:00,138.08756076670645
534,DL_40_2022-12-06 00:00:00,141.37538693614871
535,DL_40_2022-12-07 00:00:00,142.87415865807415
536,DL_40_2022-12-08 00:00:00,142.51405464856902
537,DL_40_2022-12-09 00:00:00,142.47897969296577
538,DL_40_2022-12-10 00:00:00,142.18402545349537
539,DL_40_2022-12-11 00:00:00,141.6808135690167
540,DL_40_2022-12-12 00:00:00,141.2863791985314
541,DL_40_2022-12-13 00:00:00,140.96152579515734
542,DL_40_2022-12-14 00:00:00,140.7598051122381
543,DL_40_2022-12-15 00:00:00,140.6147372272458
544,DL_40_2022-12-16 00:00:00,140.48566338731527
545,DL_40_2022-12-17 00:00:00,140.36598118622823
546,DL_40_2022-12-18 00:00:00,140.24379372953936
547,DL_40_2022-12-19 00:00:00,140.11507421673167
548,DL_40_2022-12-20 00:00:00,139.9800522933301
549,DL_40_2022-12-21 00:00:00,139.83935336781244
550,DL_40_2022-12-22 00:00:00,139.69623524473351
551,DL_40_2022-12-23 00:00:00,139.5522145755637
552,DL_40_2022-12-24 00:00:00,139.4083486605615
553,DL_40_2022-12-25 00:00:00,139.26505345294842
554,DL_40_2022-12-26 00:00:00,139.12241670053416
555,DL_40_2022-12-27 00:00:00,138.98033590958997
556,DL_40_2022-12-28 00:00:00,138.83866951430358
557,DL_40_2022-12-29 00:00:00,138.6972525911587
558,DL_40_2022-12-30 00:00:00,138.55599857961514
559,DL_40_2022-12-31 00:00:00,138.41485178605208
560,DL_41_2022-12-04 00:00:00,131.70791139466783
561,DL_41_2022-12-05 00:00:00,138.36899835132365
562,DL_41_2022-12-06 00:00:00,140.22045537857576
563,DL_41_2022-12-07 00:00:00,140.96933274887337
564,DL_41_2022-12-08 00:00:00,139.48884579712234
565,DL_41_2022-12-09 00:00:00,137.97472808250478
566,DL_41_2022-12-10 00:00:00,136.78365081067594
567,DL_41_2022-12-11 00:00:00,136.1848375924558
568,DL_41_2022-12-12 00:00:00,135.7603058615271
569,DL_41_2022-12-13 00:00:00,135.59986952021245
570,DL_41_2022-12-14 00:00:00,135.49996393749228
571,DL_41_2022-12-15 00:00:00,135.43868382221436
572,DL_41_2022-12-16 00:00:00,135.32942345479614
573,DL_41_2022-12-17 00:00:00,135.2081600209997
574,DL_41_2022-12-18 00:00:00,135.05520817234384
575,DL_41_2022-12-19 00:00:00,134.89447221893425
576,DL_41_2022-12-20 00:00:00,134.7228180476323
577,DL_41_2022-12-21 00:00:00,134.55408613885555
578,DL_41_2022-12-22 00:00:00,134.38473589057847
579,DL_41_2022-12-23 00:00:00,134.21905772100075
580,DL_41_2022-12-24 00:00:00,134.05410488585338
581,DL_41_2022-12-25 00:00:00,133.89112577589827
582,DL_41_2022-12-26 00:00:00,133.7282334920209
583,DL_41_2022-12-27 00:00:00,133.56595960034713
584,DL_41_2022-12-28 00:00:00,133.40353091678512
585,DL_41_2022-12-29 00:00:00,133.2413316999327
586,DL_41_2022-12-30 00:00:00,133.07908737080294
587,DL_41_2022-12-31 00:00:00,132.9170472607078
588,KA_7_2022-12-04 00:00:00,41.501395140480334
589,KA_7_2022-12-05 00:00:00,44.8730046491315
590,KA_7_2022-12-06 00:00:00,45.74402583085162
591,KA_7_2022-12-07 00:00:00,47.50412913287289
592,KA_7_2022-12-08 00:00:00,47.90414098864711
593,KA_7_2022-12-09 00:00:00,48.86203643453238
594,KA_7_2022-12-10 00:00:00,49.41208172977262
595,KA_7_2022-12-11 00:00:00,50.16914141879738
596,KA_7_2022-12-12 00:00:00,50.45695520307343
597,KA_7_2022-12-13 00:00:00,50.91859853901712
598,KA_7_2022-12-14 00:00:00,51.102437492072625
599,KA_7_2022-12-15 00:00:00,51.386785746834065
600,KA_7_2022-12-16 00:00:00,51.502293470709624
601,KA_7_2022-12-17 00:00:00,51.6842316887664
602,KA_7_2022-12-18 00:00:00,51.754726812704135
603,KA_7_2022-12-19 00:00:00,51.866865728157215
604,KA_7_2022-12-20 00:00:00,51.90927784973437
605,KA_7_2022-12-21 00:00:00,51.97780095512161
606,KA_7_2022-12-22 00:00:00,52.00229362587866
607,KA_7_2022-12-23 00:00:00,52.043413373108685
608,KA_7_2022-12-24 00:00:00,52.056710137390006
609,KA_7_2022-12-25 00:00:00,52.08047111098228
610,KA_7_2022-12-26 00:00:00,52.08670870344743
611,KA_7_2022-12-27 00:00:00,52.09955204931397
612,KA_7_2022-12-28 00:00:00,52.10135092685043
613,KA_7_2022-12-29 00:00:00,52.1073216806596
614,KA_7_2022-12-30 00:00:00,52.106335976381544
615,KA_7_2022-12-31 00:00:00,52.10798229695936
616,KA_9_2022-12-04 00:00:00,61.66982575873992
617,KA_9_2022-12-05 00:00:00,60.06744100285187
618,KA_9_2022-12-06 00:00:00,60.56191019597288
619,KA_9_2022-12-07 00:00:00,60.028958089482245
620,KA_9_2022-12-08 00:00:00,58.729676780658
621,KA_9_2022-12-09 00:00:00,58.54338346738396
622,KA_9_2022-12-10 00:00:00,59.40596682489098
623,KA_9_2022-12-11 00:00:00,59.22467913587504
624,KA_9_2022-12-12 00:00:00,59.52854814253296
625,KA_9_2022-12-13 00:00:00,59.38195400171816
626,KA_9_2022-12-14 00:00:00,59.3993550692153
627,KA_9_2022-12-15 00:00:00,59.26610538923189
628,KA_9_2022-12-16 00:00:00,59.34768979798772
629,KA_9_2022-12-17 00:00:00,59.352845396587156
630,KA_9_2022-12-18 00:00:00,59.411902405430574
631,KA_9_2022-12-19 00:00:00,59.43081981777562
632,KA_9_2022-12-20 00:00:00,59.45589498462339
633,KA_9_2022-12-21 00:00:00,59.46695260965058
634,KA_9_2022-12-22 00:00:00,59.48705331326894
635,KA_9_2022-12-23 00:00:00,59.51023385830407
636,KA_9_2022-12-24 00:00:00,59.53548438904119
637,KA_9_2022-12-25 00:00:00,59.56214356327654
638,KA_9_2022-12-26 00:00:00,59.58694771125545
639,KA_9_2022-12-27 00:00:00,59.611900357904
640,KA_9_2022-12-28 00:00:00,59.635870199292135
641,KA_9_2022-12-29 00:00:00,59.66087383537847
642,KA_9_2022-12-30 00:00:00,59.68579868735858
643,KA_9_2022-12-31 00:00:00,59.71136920325535
644,KA_10_2022-12-04 00:00:00,26.29463603422378
645,KA_10_2022-12-05 00:00:00,30.958679591714315
646,KA_10_2022-12-06 00:00:00,34.69794330136744
647,KA_10_2022-12-07 00:00:00,38.41260128978591
648,KA_10_2022-12-08 00:00:00,40.87858502511661
649,KA_10_2022-12-09 00:00:00,43.04025748702268
650,KA_10_2022-12-10 00:00:00,44.086835247985924
651,KA_10_2022-12-11 00:00:00,44.67927079806278
652,KA_10_2022-12-12 00:00:00,44.85260778394536
653,KA_10_2022-12-13 00:00:00,44.859307419054964
654,KA_10_2022-12-14 00:00:00,44.7672179881888
655,KA_10_2022-12-15 00:00:00,44.65252759368818
656,KA_10_2022-12-16 00:00:00,44.543780971951165
657,KA_10_2022-12-17 00:00:00,44.45909403817156
658,KA_10_2022-12-18 00:00:00,44.397656117403095
659,KA_10_2022-12-19 00:00:00,44.358196365910906
660,KA_10_2022-12-20 00:00:00,44.33422488532896
661,KA_10_2022-12-21 00:00:00,44.321595557138515
662,KA_10_2022-12-22 00:00:00,44.31563539270108
663,KA_10_2022-12-23 00:00:00,44.313560308174964
664,KA_10_2022-12-24 00:00:00,44.31319070158857
665,KA_10_2022-12-25 00:00:00,44.31338614841963
666,KA_10_2022-12-26 00:00:00,44.31346541235018
667,KA_10_2022-12-27 00:00:00,44.313178016824274
668,KA_10_2022-12-28 00:00:00,44.31245390364141
669,KA_10_2022-12-29 00:00:00,44.31134817999824
670,KA_10_2022-12-30 00:00:00,44.30994484603769
671,KA_10_2022-12-31 00:00:00,44.30833693524419
672,KA_11_2022-12-04 00:00:00,52.983836741475294
673,KA_11_2022-12-05 00:00:00,55.33738566893293
674,KA_11_2022-12-06 00:00:00,54.949947356866154
675,KA_11_2022-12-07 00:00:00,54.13545326032614
676,KA_11_2022-12-08 00:00:00,54.59940270860361
677,KA_11_2022-12-09 00:00:00,55.44650782395639
678,KA_11_2022-12-10 00:00:00,56.26247977031367
679,KA_11_2022-12-11 00:00:00,56.62286176048368
680,KA_11_2022-12-12 00:00:00,56.7996406391488
681,KA_11_2022-12-13 00:00:00,56.90955697150198
682,KA_11_2022-12-14 00:00:00,57.09903184922405
683,KA_11_2022-12-15 00:00:00,57.2736626617337
684,KA_11_2022-12-16 00:00:00,57.43270767757041
685,KA_11_2022-12-17 00:00:00,57.53307619900869
686,KA_11_2022-12-18 00:00:00,57.61626271581203
687,KA_11_2022-12-19 00:00:00,57.68072546925819
688,KA_11_2022-12-20 00:00:00,57.74627853251111
689,KA_11_2022-12-21 00:00:00,57.8009492621541
690,KA_11_2022-12-22 00:00:00,57.85082950048266
691,KA_11_2022-12-23 00:00:00,57.89065482323529
692,KA_11_2022-12-24 00:00:00,57.92706684492973
693,KA_11_2022-12-25 00:00:00,57.95853926956296
694,KA_11_2022-12-26 00:00:00,57.98847667607423
695,KA_11_2022-12-27 00:00:00,58.01528723159988
696,KA_11_2022-12-28 00:00:00,58.04063638037088
697,KA_11_2022-12-29 00:00:00,58.06381249433332
698,KA_11_2022-12-30 00:00:00,58.08601154377185
699,KA_11_2022-12-31 00:00:00,58.10694099095218
700,KA_14_2022-12-04 00:00:00,44.21080503990293
701,KA_14_2022-12-05 00:00:00,49.791302884888
702,KA_14_2022-12-06 00:00:00,53.742608210220816
703,KA_14_2022-12-07 00:00:00,55.44938457227647
704,KA_14_2022-12-08 00:00:00,55.592627797435455
705,KA_14_2022-12-09 00:00:00,54.83382769936195
706,KA_14_2022-12-10 00:00:00,54.69662041801478
707,KA_14_2022-12-11 00:00:00,54.840809136714775
708,KA_14_2022-12-12 00:00:00,55.218583600201256
709,KA_14_2022-12-13 00:00:00,55.52239903199856
710,KA_14_2022-12-14 00:00:00,55.764059929383045
711,KA_14_2022-12-15 00:00:00,55.804322834518004
712,KA_14_2022-12-16 00:00:00,55.79016253444294
713,KA_14_2022-12-17 00:00:00,55.728008053806064
714,KA_14_2022-12-18 00:00:00,55.68999917937631
715,KA_14_2022-12-19 00:00:00,55.647225710143
716,KA_14_2022-12-20 00:00:00,55.62250236460893
717,KA_14_2022-12-21 00:00:00,55.58444282013085
718,KA_14_2022-12-22 00:00:00,55.544528155369775
719,KA_14_2022-12-23 00:00:00,55.49122473789165
720,KA_14_2022-12-24 00:00:00,55.43736213210423
721,KA_14_2022-12-25 00:00:00,55.378059344063715
722,KA_14_2022-12-26 00:00:00,55.32096619951593
723,KA_14_2022-12-27 00:00:00,55.26201577934199
724,KA_14_2022-12-28 00:00:00,55.20446067179342
725,KA_14_2022-12-29 00:00:00,55.145275639166414
726,KA_14_2022-12-30 00:00:00,55.08646819738968
727,KA_14_2022-12-31 00:00:00,55.02648665880993
728,MH_10_2022-12-04 00:00:00,73.05084954322822
729,MH_10_2022-12-05 00:00:00,71.49974136719888
730,MH_10_2022-12-06 00:00:00,70.57462615367419
731,MH_10_2022-12-07 00:00:00,68.016295615673
732,MH_10_2022-12-08 00:00:00,67.53956739895415
733,MH_10_2022-12-09 00:00:00,71.12570951852578
734,MH_10_2022-12-10 00:00:00,69.90102528461851
735,MH_10_2022-12-11 00:00:00,70.3198503878316
736,MH_10_2022-12-12 00:00:00,69.44674746442266
737,MH_10_2022-12-13 00:00:00,69.6482709923265
738,MH_10_2022-12-14 00:00:00,69.3920606760353
739,MH_10_2022-12-15 00:00:00,69.90669317399373
740,MH_10_2022-12-16 00:00:00,69.34966359691445
741,MH_10_2022-12-17 00:00:00,69.68343801460335
742,MH_10_2022-12-18 00:00:00,69.28324963387858
743,MH_10_2022-12-19 00:00:00,69.55026129109531
744,MH_10_2022-12-20 00:00:00,69.29352285970577
745,MH_10_2022-12-21 00:00:00,69.49207522687843
746,MH_10_2022-12-22 00:00:00,69.24850339899308
747,MH_10_2022-12-23 00:00:00,69.4121268409621
748,MH_10_2022-12-24 00:00:00,69.21303737468152
749,MH_10_2022-12-25 00:00:00,69.34251788380082
750,MH_10_2022-12-26 00:00:00,69.1818750269546
751,MH_10_2022-12-27 00:00:00,69.2752891447247
752,MH_10_2022-12-28 00:00:00,69.14039274004628
753,MH_10_2022-12-29 00:00:00,69.21117023957626
754,MH_10_2022-12-30 00:00:00,69.09750222730142
755,MH_10_2022-12-31 00:00:00,69.14958018316382
756,MH_11_2022-12-04 00:00:00,42.58887294611896
757,MH_11_2022-12-05 00:00:00,43.55642506785545
758,MH_11_2022-12-06 00:00:00,44.99582679028304
759,MH_11_2022-12-07 00:00:00,45.10377187250922
760,MH_11_2022-12-08 00:00:00,45.52136730730907
761,MH_11_2022-12-09 00:00:00,45.55277031802099
762,MH_11_2022-12-10 00:00:00,45.635862106927235
763,MH_11_2022-12-11 00:00:00,45.53204839760846
764,MH_11_2022-12-12 00:00:00,45.57747957660293
765,MH_11_2022-12-13 00:00:00,45.608468571168665
766,MH_11_2022-12-14 00:00:00,45.64854930327817
767,MH_11_2022-12-15 00:00:00,45.663877572199326
768,MH_11_2022-12-16 00:00:00,45.66610815711376
769,MH_11_2022-12-17 00:00:00,45.66818676900027
770,MH_11_2022-12-18 00:00:00,45.65685385597468
771,MH_11_2022-12-19 00:00:00,45.6520316456581
772,MH_11_2022-12-20 00:00:00,45.63974625252695
773,MH_11_2022-12-21 00:00:00,45.63240911330575
774,MH_11_2022-12-22 00:00:00,45.61949711552623
775,MH_11_2022-12-23 00:00:00,45.608612808339956
776,MH_11_2022-12-24 00:00:00,45.59479855563929
777,MH_11_2022-12-25 00:00:00,45.5817859857874
778,MH_11_2022-12-26 00:00:00,45.56757314897327
779,MH_11_2022-12-27 00:00:00,45.5535414108942
780,MH_11_2022-12-28 00:00:00,45.53913406655053
781,MH_11_2022-12-29 00:00:00,45.52460954692459
782,MH_11_2022-12-30 00:00:00,45.50999813108803
783,MH_11_2022-12-31 00:00:00,45.49520585520681
784,MH_12_2022-12-04 00:00:00,48.509581633821156
785,MH_12_2022-12-05 00:00:00,56.036212651604245
786,MH_12_2022-12-06 00:00:00,59.934312464101886
787,MH_12_2022-12-07 00:00:00,61.80742297194384
788,MH_12_2022-12-08 00:00:00,61.27836759164067
789,MH_12_2022-12-09 00:00:00,60.181686760745265
790,MH_12_2022-12-10 00:00:00,60.16580803119338
791,MH_12_2022-12-11 00:00:00,60.93997994665906
792,MH_12_2022-12-12 00:00:00,61.60920587110237
793,MH_12_2022-12-13 00:00:00,62.115371526327785
794,MH_12_2022-12-14 00:00:00,62.35134648318583
795,MH_12_2022-12-15 00:00:00,62.40385038199093
796,MH_12_2022-12-16 00:00:00,62.37598466862096
797,MH_12_2022-12-17 00:00:00,62.38295051795898
798,MH_12_2022-12-18 00:00:00,62.400375420037214
799,MH_12_2022-12-19 00:00:00,62.41332317718901
800,MH_12_2022-12-20 00:00:00,62.40313331944864
801,MH_12_2022-12-21 00:00:00,62.368774642840236
802,MH_12_2022-12-22 00:00:00,62.31290091896865
803,MH_12_2022-12-23 00:00:00,62.246200544013206
804,MH_12_2022-12-24 00:00:00,62.174322360540124
805,MH_12_2022-12-25 00:00:00,62.099088909841015
806,MH_12_2022-12-26 00:00:00,62.02042995643386
807,MH_12_2022-12-27 00:00:00,61.93809578760811
808,MH_12_2022-12-28 00:00:00,61.852259703604574
809,MH_12_2022-12-29 00:00:00,61.76353635510389
810,MH_12_2022-12-30 00:00:00,61.672828403827026
811,MH_12_2022-12-31 00:00:00,61.580743579189516
812,MH_13_2022-12-04 00:00:00,29.183643146314953
813,MH_13_2022-12-05 00:00:00,26.312202507664825
814,MH_13_2022-12-06 00:00:00,27.10852672659268
815,MH_13_2022-12-07 00:00:00,26.758102951608805
816,MH_13_2022-12-08 00:00:00,26.28958530367357
817,MH_13_2022-12-09 00:00:00,25.671664425004494
818,MH_13_2022-12-10 00:00:00,28.57478991633125
819,MH_13_2022-12-11 00:00:00,28.92098965188307
820,MH_13_2022-12-12 00:00:00,26.295877966199793
821,MH_13_2022-12-13 00:00:00,26.089408977013946
822,MH_13_2022-12-14 00:00:00,27.716207650643955
823,MH_13_2022-12-15 00:00:00,26.87786757290931
824,MH_13_2022-12-16 00:00:00,25.97963318720301
825,MH_13_2022-12-17 00:00:00,26.602374716864855
826,MH_13_2022-12-18 00:00:00,26.960259218342614
827,MH_13_2022-12-19 00:00:00,26.455024017271388
828,MH_13_2022-12-20 00:00:00,26.20721404613937
829,MH_13_2022-12-21 00:00:00,26.235261135222014
830,MH_13_2022-12-22 00:00:00,26.30793963694447
831,MH_13_2022-12-23 00:00:00,26.193382345557993
832,MH_13_2022-12-24 00:00:00,25.92853241561215
833,MH_13_2022-12-25 00:00:00,25.90498791107471
834,MH_13_2022-12-26 00:00:00,26.02367887243747
835,MH_13_2022-12-27 00:00:00,25.8422674344221
836,MH_13_2022-12-28 00:00:00,25.63045027745273
837,MH_13_2022-12-29 00:00:00,25.668469365998916
838,MH_13_2022-12-30 00:00:00,25.65501625183888
839,MH_13_2022-12-31 00:00:00,25.48341779871423
840,MH_14_2022-12-04 00:00:00,58.49248413385897
841,MH_14_2022-12-05 00:00:00,56.63589092543642
842,MH_14_2022-12-06 00:00:00,55.86457629090076
843,MH_14_2022-12-07 00:00:00,57.92581593272631
844,MH_14_2022-12-08 00:00:00,58.98925085371646
845,MH_14_2022-12-09 00:00:00,58.602901918122626
846,MH_14_2022-12-10 00:00:00,58.55724196959624
847,MH_14_2022-12-11 00:00:00,58.15590464657118
848,MH_14_2022-12-12 00:00:00,58.04870779216074
849,MH_14_2022-12-13 00:00:00,58.21101953920944
850,MH_14_2022-12-14 00:00:00,58.19050547957199
851,MH_14_2022-12-15 00:00:00,58.09586148178428
852,MH_14_2022-12-16 00:00:00,58.05427456211349
853,MH_14_2022-12-17 00:00:00,57.953607953788264
854,MH_14_2022-12-18 00:00:00,57.913605100655204
855,MH_14_2022-12-19 00:00:00,57.88620630439484
856,MH_14_2022-12-20 00:00:00,57.8372475943279
857,MH_14_2022-12-21 00:00:00,57.78946529823667
858,MH_14_2022-12-22 00:00:00,57.74536754671714
859,MH_14_2022-12-23 00:00:00,57.69374716784096
860,MH_14_2022-12-24 00:00:00,57.651965193620825
861,MH_14_2022-12-25 00:00:00,57.60830749827945
862,MH_14_2022-12-26 00:00:00,57.563209695543506
863,MH_14_2022-12-27 00:00:00,57.518820478636975
864,MH_14_2022-12-28 00:00:00,57.47436059646455
865,MH_14_2022-12-29 00:00:00,57.429203287430745
866,MH_14_2022-12-30 00:00:00,57.385405402533344
867,MH_14_2022-12-31 00:00:00,57.34097018143565
868,MH_15_2022-12-04 00:00:00,93.49892046863359
869,MH_15_2022-12-05 00:00:00,89.73247966933855
870,MH_15_2022-12-06 00:00:00,86.0176080273126
871,MH_15_2022-12-07 00:00:00,85.07650225441044
872,MH_15_2022-12-08 00:00:00,84.42613105625428
873,MH_15_2022-12-09 00:00:00,85.70132002984732
874,MH_15_2022-12-10 00:00:00,85.76570456323239
875,MH_15_2022-12-11 00:00:00,86.50211716658002
876,MH_15_2022-12-12 00:00:00,86.1978580371461
877,MH_15_2022-12-13 00:00:00,86.54850931463268
878,MH_15_2022-12-14 00:00:00,86.24766922717887
879,MH_15_2022-12-15 00:00:00,86.59526749569223
880,MH_15_2022-12-16 00:00:00,86.4818886600927
881,MH_15_2022-12-17 00:00:00,86.84002063777899
882,MH_15_2022-12-18 00:00:00,86.80576849490512
883,MH_15_2022-12-19 00:00:00,87.11067826556872
884,MH_15_2022-12-20 00:00:00,87.10378070807161
885,MH_15_2022-12-21 00:00:00,87.36001018548465
886,MH_15_2022-12-22 00:00:00,87.38292137449248
887,MH_15_2022-12-23 00:00:00,87.61266645873228
888,MH_15_2022-12-24 00:00:00,87.6646988114827
889,MH_15_2022-12-25 00:00:00,87.87531727366955
890,MH_15_2022-12-26 00:00:00,87.94829691165243
891,MH_15_2022-12-27 00:00:00,88.14223463057168
892,MH_15_2022-12-28 00:00:00,88.2300961956078
893,MH_15_2022-12-29 00:00:00,88.41096193053788
894,MH_15_2022-12-30 00:00:00,88.51056701543285
895,MH_15_2022-12-31 00:00:00,88.68182527354807
896,MH_16_2022-12-04 00:00:00,39.38236221503367
897,MH_16_2022-12-05 00:00:00,41.388704742913085
898,MH_16_2022-12-06 00:00:00,43.95004960648352
899,MH_16_2022-12-07 00:00:00,44.66736225323961
900,MH_16_2022-12-08 00:00:00,46.558043370793115
901,MH_16_2022-12-09 00:00:00,46.019016062225035
902,MH_16_2022-12-10 00:00:00,46.752874783924135
903,MH_16_2022-12-11 00:00:00,46.22993292982954
904,MH_16_2022-12-12 00:00:00,46.519419562752475
905,MH_16_2022-12-13 00:00:00,46.06546316405495
906,MH_16_2022-12-14 00:00:00,46.26140532490948
907,MH_16_2022-12-15 00:00:00,45.94680059848308
908,MH_16_2022-12-16 00:00:00,46.09637514743024
909,MH_16_2022-12-17 00:00:00,45.89493574012714
910,MH_16_2022-12-18 00:00:00,46.00266711509305
911,MH_16_2022-12-19 00:00:00,45.86327824914327
912,MH_16_2022-12-20 00:00:00,45.93320366796615
913,MH_16_2022-12-21 00:00:00,45.82893084806868
914,MH_16_2022-12-22 00:00:00,45.86814586404803
915,MH_16_2022-12-23 00:00:00,45.78657035278216
916,MH_16_2022-12-24 00:00:00,45.804050829405334
917,MH_16_2022-12-25 00:00:00,45.73837398937671
918,MH_16_2022-12-26 00:00:00,45.74138058865373
919,MH_16_2022-12-27 00:00:00,45.68714475453473
920,MH_16_2022-12-28 00:00:00,45.68049848167753
921,MH_16_2022-12-29 00:00:00,45.634390295204675
922,MH_16_2022-12-30 00:00:00,45.62118720666948
923,MH_16_2022-12-31 00:00:00,45.580738694497114
924,MH_17_2022-12-04 00:00:00,48.07089040332361
925,MH_17_2022-12-05 00:00:00,49.88980199364808
926,MH_17_2022-12-06 00:00:00,50.259604473011535
927,MH_17_2022-12-07 00:00:00,50.3308192653648
928,MH_17_2022-12-08 00:00:00,50.664163843159365
929,MH_17_2022-12-09 00:00:00,50.77414004295576
930,MH_17_2022-12-10 00:00:00,50.77155531262987
931,MH_17_2022-12-11 00:00:00,50.818872186089884
932,MH_17_2022-12-12 00:00:00,50.84788715571013
933,MH_17_2022-12-13 00:00:00,50.846039210298294
934,MH_17_2022-12-14 00:00:00,50.83869281904003
935,MH_17_2022-12-15 00:00:00,50.826697025362854
936,MH_17_2022-12-16 00:00:00,50.80384965678993
937,MH_17_2022-12-17 00:00:00,50.77731676243317
938,MH_17_2022-12-18 00:00:00,50.74879905722325
939,MH_17_2022-12-19 00:00:00,50.71860446624805
940,MH_17_2022-12-20 00:00:00,50.68712906863127
941,MH_17_2022-12-21 00:00:00,50.65531254293577
942,MH_17_2022-12-22 00:00:00,50.622948041286946
943,MH_17_2022-12-23 00:00:00,50.59024631458266
944,MH_17_2022-12-24 00:00:00,50.55728097999408
945,MH_17_2022-12-25 00:00:00,50.52418281551603
946,MH_17_2022-12-26 00:00:00,50.49095613038988
947,MH_17_2022-12-27 00:00:00,50.4576853157236
948,MH_17_2022-12-28 00:00:00,50.424383062770666
949,MH_17_2022-12-29 00:00:00,50.39107844994922
950,MH_17_2022-12-30 00:00:00,50.35777457929996
951,MH_17_2022-12-31 00:00:00,50.32448585012924
952,TN_5_2022-12-04 00:00:00,135.3624306681663
953,TN_5_2022-12-05 00:00:00,132.63594027840927
954,TN_5_2022-12-06 00:00:00,133.45131678770588
955,TN_5_2022-12-07 00:00:00,128.40451912856778
956,TN_5_2022-12-08 00:00:00,126.85459191520478
957,TN_5_2022-12-09 00:00:00,127.54563861574333
958,TN_5_2022-12-10 00:00:00,128.36798855468618
959,TN_5_2022-12-11 00:00:00,129.2305424563293
960,TN_5_2022-12-12 00:00:00,129.81923646546463
961,TN_5_2022-12-13 00:00:00,130.8500751042487
962,TN_5_2022-12-14 00:00:00,131.22202284797322
963,TN_5_2022-12-15 00:00:00,131.38810930202132
964,TN_5_2022-12-16 00:00:00,131.58587329258938
965,TN_5_2022-12-17 00:00:00,131.8073622190555
966,TN_5_2022-12-18 00:00:00,132.08855711925477
967,TN_5_2022-12-19 00:00:00,132.37051546734153
968,TN_5_2022-12-20 00:00:00,132.75739922485167
969,TN_5_2022-12-21 00:00:00,133.15564258502098
970,TN_5_2022-12-22 00:00:00,133.54396921203153
971,TN_5_2022-12-23 00:00:00,133.9240157119086
972,TN_5_2022-12-24 00:00:00,134.29212343141762
973,TN_5_2022-12-25 00:00:00,134.6555029544289
974,TN_5_2022-12-26 00:00:00,135.00749477307636
975,TN_5_2022-12-27 00:00:00,135.36302656671234
976,TN_5_2022-12-28 00:00:00,135.72286945945936
977,TN_5_2022-12-29 00:00:00,136.08650486268183
978,TN_5_2022-12-30 00:00:00,136.45373311739525
979,TN_5_2022-12-31 00:00:00,136.82309378044377
980,TN_8_2022-12-04 00:00:00,53.35286990500846
981,TN_8_2022-12-05 00:00:00,53.92979037945527
982,TN_8_2022-12-06 00:00:00,52.258215385193765
983,TN_8_2022-12-07 00:00:00,54.35681306092921
984,TN_8_2022-12-08 00:00:00,53.376967659756104
985,TN_8_2022-12-09 00:00:00,53.91011780235778
986,TN_8_2022-12-10 00:00:00,53.73840332824872
987,TN_8_2022-12-11 00:00:00,53.79505503762464
988,TN_8_2022-12-12 00:00:00,53.79081060697856
989,TN_8_2022-12-13 00:00:00,53.4954868474679
990,TN_8_2022-12-14 00:00:00,53.668622777728615
991,TN_8_2022-12-15 00:00:00,53.42871557140916
992,TN_8_2022-12-16 00:00:00,53.50655817410457
993,TN_8_2022-12-17 00:00:00,53.37893542204473
994,TN_8_2022-12-18 00:00:00,53.394708857327004
995,TN_8_2022-12-19 00:00:00,53.3414593155636
996,TN_8_2022-12-20 00:00:00,53.290519550699706
997,TN_8_2022-12-21 00:00:00,53.27212162529062
998,TN_8_2022-12-22 00:00:00,53.20577630474832
999,TN_8_2022-12-23 00:00:00,53.18465107380793
1000,TN_8_2022-12-24 00:00:00,53.1229917788939
1001,TN_8_2022-12-25 00:00:00,53.09303901118818
1002,TN_8_2022-12-26 00:00:00,53.04304527606342
1003,TN_8_2022-12-27 00:00:00,53.00311608577262
1004,TN_8_2022-12-28 00:00:00,52.96108638985431
1005,TN_8_2022-12-29 00:00:00,52.91681989684211
1006,TN_8_2022-12-30 00:00:00,52.87726052486216
1007,TN_8_2022-12-31 00:00:00,52.832094930647955
1008,WB_12_2022-12-04 00:00:00,45.29364425177741
1009,WB_12_2022-12-05 00:00:00,44.78849893982915
1010,WB_12_2022-12-06 00:00:00,43.96645179367864
1011,WB_12_2022-12-07 00:00:00,43.6321421683277
1012,WB_12_2022-12-08 00:00:00,43.83386594424691
1013,WB_12_2022-12-09 00:00:00,44.029232455004305
1014,WB_12_2022-12-10 00:00:00,44.089537191025826
1015,WB_12_2022-12-11 00:00:00,44.07733209729022
1016,WB_12_2022-12-12 00:00:00,43.96439495934659
1017,WB_12_2022-12-13 00:00:00,43.890497318133434
1018,WB_12_2022-12-14 00:00:00,43.858508547876916
1019,WB_12_2022-12-15 00:00:00,43.84677860360076
1020,WB_12_2022-12-16 00:00:00,43.836346738113996
1021,WB_12_2022-12-17 00:00:00,43.81720033280935
1022,WB_12_2022-12-18 00:00:00,43.78481166348766
1023,WB_12_2022-12-19 00:00:00,43.75255201534759
1024,WB_12_2022-12-20 00:00:00,43.721855570706225
1025,WB_12_2022-12-21 00:00:00,43.694717761970715
1026,WB_12_2022-12-22 00:00:00,43.669020138525326
1027,WB_12_2022-12-23 00:00:00,43.643148245668705
1028,WB_12_2022-12-24 00:00:00,43.61603646562833
1029,WB_12_2022-12-25 00:00:00,43.5885423955232
1030,WB_12_2022-12-26 00:00:00,43.560860568406525
1031,WB_12_2022-12-27 00:00:00,43.53355082071269
1032,WB_12_2022-12-28 00:00:00,43.506474554122626
1033,WB_12_2022-12-29 00:00:00,43.47952355245132
1034,WB_12_2022-12-30 00:00:00,43.45251843510613
1035,WB_12_2022-12-31 00:00:00,43.42548079097511
1036,WB_13_2022-12-04 00:00:00,54.15416711660605
1037,WB_13_2022-12-05 00:00:00,52.64129999142275
1038,WB_13_2022-12-06 00:00:00,51.21469229763081
1039,WB_13_2022-12-07 00:00:00,50.31213826642261
1040,WB_13_2022-12-08 00:00:00,50.197955756769005
1041,WB_13_2022-12-09 00:00:00,50.60891920775202
1042,WB_13_2022-12-10 00:00:00,50.82013223804283
1043,WB_13_2022-12-11 00:00:00,50.79668596324056
1044,WB_13_2022-12-12 00:00:00,50.57801856558272
1045,WB_13_2022-12-13 00:00:00,50.373073012994666
1046,WB_13_2022-12-14 00:00:00,50.256754024428304
1047,WB_13_2022-12-15 00:00:00,50.235771321997085
1048,WB_13_2022-12-16 00:00:00,50.24204840920639
1049,WB_13_2022-12-17 00:00:00,50.227807939372816
1050,WB_13_2022-12-18 00:00:00,50.180419062419695
1051,WB_13_2022-12-19 00:00:00,50.11578965360635
1052,WB_13_2022-12-20 00:00:00,50.054480373454396
1053,WB_13_2022-12-21 00:00:00,50.005317868756826
1054,WB_13_2022-12-22 00:00:00,49.965696994059805
1055,WB_13_2022-12-23 00:00:00,49.92786707923201
1056,WB_13_2022-12-24 00:00:00,49.886846458372304
1057,WB_13_2022-12-25 00:00:00,49.842024781186126
1058,WB_13_2022-12-26 00:00:00,49.795722571779606
1059,WB_13_2022-12-27 00:00:00,49.750169249403726
1060,WB_13_2022-12-28 00:00:00,49.706144993708165
1061,WB_13_2022-12-29 00:00:00,49.66309964566279
1062,WB_13_2022-12-30 00:00:00,49.62014275047966
1063,WB_13_2022-12-31 00:00:00,49.57677468609677
1064,WB_14_2022-12-04 00:00:00,109.96500050447203
1065,WB_14_2022-12-05 00:00:00,79.48619428830587
1066,WB_14_2022-12-06 00:00:00,70.53814524117391
1067,WB_14_2022-12-07 00:00:00,65.16606664151402
1068,WB_14_2022-12-08 00:00:00,67.94228687617682
1069,WB_14_2022-12-09 00:00:00,68.25776878690378
1070,WB_14_2022-12-10 00:00:00,68.33222145802277
1071,WB_14_2022-12-11 00:00:00,69.03899601470371
1072,WB_14_2022-12-12 00:00:00,69.56714190272555
1073,WB_14_2022-12-13 00:00:00,70.4135689370879
1074,WB_14_2022-12-14 00:00:00,70.49368945062965
1075,WB_14_2022-12-15 00:00:00,70.14650396714299
1076,WB_14_2022-12-16 00:00:00,69.71259270272597
1077,WB_14_2022-12-17 00:00:00,69.28774142408543
1078,WB_14_2022-12-18 00:00:00,69.01015883886086
1079,WB_14_2022-12-19 00:00:00,68.74735604964471
1080,WB_14_2022-12-20 00:00:00,68.49976673095998
1081,WB_14_2022-12-21 00:00:00,68.27028382723594
1082,WB_14_2022-12-22 00:00:00,68.05544264738482
1083,WB_14_2022-12-23 00:00:00,67.85932601524486
1084,WB_14_2022-12-24 00:00:00,67.66053015220324
1085,WB_14_2022-12-25 00:00:00,67.4548418164166
1086,WB_14_2022-12-26 00:00:00,67.24309507916556
1087,WB_14_2022-12-27 00:00:00,67.02835907655395
1088,WB_14_2022-12-28 00:00:00,66.81446450475633
1089,WB_14_2022-12-29 00:00:00,66.60105160488311
1090,WB_14_2022-12-30 00:00:00,66.3883123763612
1091,WB_14_2022-12-31 00:00:00,66.17634847009721
1092,WB_16_2022-12-04 00:00:00,48.793705136787885
1093,WB_16_2022-12-05 00:00:00,48.925504088897355
1094,WB_16_2022-12-06 00:00:00,48.18271844838595
1095,WB_16_2022-12-07 00:00:00,46.73618592532079
1096,WB_16_2022-12-08 00:00:00,47.353765994083645
1097,WB_16_2022-12-09 00:00:00,47.66515507460161
1098,WB_16_2022-12-10 00:00:00,47.59495560479582
1099,WB_16_2022-12-11 00:00:00,47.5904733588709
1100,WB_16_2022-12-12 00:00:00,47.37832069119361
1101,WB_16_2022-12-13 00:00:00,47.31680102741746
1102,WB_16_2022-12-14 00:00:00,47.36533007740789
1103,WB_16_2022-12-15 00:00:00,47.33228814738695
1104,WB_16_2022-12-16 00:00:00,47.32299277069284
1105,WB_16_2022-12-17 00:00:00,47.284099694060316
1106,WB_16_2022-12-18 00:00:00,47.24919883061883
1107,WB_16_2022-12-19 00:00:00,47.22870200289138
1108,WB_16_2022-12-20 00:00:00,47.209931782324645
1109,WB_16_2022-12-21 00:00:00,47.18445605490828
1110,WB_16_2022-12-22 00:00:00,47.164037431662535
1111,WB_16_2022-12-23 00:00:00,47.13644972353284
1112,WB_16_2022-12-24 00:00:00,47.114725248754496
1113,WB_16_2022-12-25 00:00:00,47.09024034991601
1114,WB_16_2022-12-26 00:00:00,47.06820941282492
1115,WB_16_2022-12-27 00:00:00,47.04381380089652
1116,WB_16_2022-12-28 00:00:00,47.02140133856372
1117,WB_16_2022-12-29 00:00:00,46.99696234805568
1118,WB_16_2022-12-30 00:00:00,46.97453923134191
1119,WB_16_2022-12-31 00:00:00,46.95048275856082
